{
 "nodes": [
   {"id": "Agile Development", "group": 1},
   {"id": "Scrum", "group": 1},
   {"id": "Extreme Programming", "group": 1},

   {"id": "Algorithm Complexity", "group": 2},
   {"id": "Quadratic", "group": 2},
   {"id": "Constant", "group": 2},
   {"id": "Linear", "group": 2},
   {"id": "Lograthmic", "group": 2},
   {"id": "N log N", "group": 2},

   {"id": "Ant", "group": 3},
   {"id": "Ant Tasks", "group": 3},
   {"id": "Build File", "group": 3},


   {"id": "Architecture Patterns", "group": 4},
   {"id": "Messaging", "group": 4},
   {"id": "SOA", "group": 4},
   {"id": "pub sub", "group": 4},

   {"id": "Array", "group": 5},
   {"id": "SingleDimensionalArray", "group": 5},
   {"id": "MultiDimensionalArray", "group": 5}




 ],
 "links": [
   {"source": "Agile Development", "target": "Scrum", "value": 1, "relation": "subconcept of" },
   {"source": "Agile Development", "target": "Extreme Programming", "value": 8, "relation": "subconcept of"},

   {"source": "Algorithm Complexity", "target": "Quadratic", "value": 10, "relation": "subconcept of"},
   {"source": "Algorithm Complexity", "target": "Constant", "value": 6, "relation": "subconcept of"},
   {"source": "Algorithm Complexity", "target": "Linear", "value": 1, "relation": "subconcept of"},
   {"source": "Algorithm Complexity", "target": "Lograthmic", "value": 1, "relation": "subconcept of"},
   {"source": "Algorithm Complexity", "target": "N log N", "value": 1, "relation": "subconcept of"},

   {"source": "Ant", "target": "Ant Tasks", "value": 1, "relation": "related"},
   {"source": "Ant", "target": "Build File", "value": 2, "relation": "related"},


   {"source": "Architecture Patterns", "target": "Messaging", "value": 1, "relation": "exampleOf"},
   {"source": "Architecture Patterns", "target": "SOA", "value": 1, "relation": "exampleOf"},
   {"source": "Architecture Patterns", "target": "pub sub", "value": 3, "relation": "exampleOf"},

     {"source": "Array", "target": "MultiDimensionalArray", "value": 1, "relation": "subconcept of" },
     {"source": "Array", "target": "SingleDimensionalArray", "value": 1, "relation": "subconcept of" }


 ]
}
